{
  "project_info": {
    "project_number": "541745374990",
    "project_id": "tlfinal",
    "storage_bucket": "tlfinal.firebasestorage.app"
  },
  "client": [
    {
      "client_info": {
        "mobilesdk_app_id": "1:541745374990:android:3c04dc4b6c0fcaedfe595f",
        "android_client_info": {
          "package_name": "com.example.tlfinal"
        }
      },
      "oauth_client": [],
      "api_key": [
        {
          "current_key": "AIzaSyCsZ8hGI3kwNArbexFnLlCkQekSZOnMLPA"
        }
      ],
      "services": {
        "appinvite_service": {
          "other_platform_oauth_client": []
        }
      }
    }
  ],
  "configuration_version": "1"
}